<!-- Tomcat chap10 Context -->
<Context path="/chap10" docBase="chap10" debug="0"
 reloadable="true" crossContext="true">
    <Logger className="org.apache.catalina.logger.FileLogger"
         prefix="localhost_chap10_log." suffix=".txt"
    timestamp="true"/>
    <Resource name="jdbc/myoracle" auth="Container"
        type="javax.sql.DataSource"/>

    <ResourceParams name="jdbc/myoracle">
        <parameter>
            <name>factory</name>
            <value>org.apache.commons.dbcp.BasicDataSourceFactory</value>
        </parameter>
        <parameter>
            <name>maxActive</name>
            <value>100</value>
        </parameter>
        <parameter>
            <name>maxIdle</name>
            <value>30000</value>
        </parameter>
        <parameter>
            <name>maxWait</name>
            <value>100</value>
        </parameter>
        <parameter><name>username</name><value>scott</value></parameter>
        <parameter><name>password</name><value>tiger</value></parameter>
        <parameter><name>driverClassName</name>
            <value>oracle.jdbc.driver.OracleDriver</value></parameter>
        <parameter><name>url</name>
            <value>jdbc:oracle:thin:@localhost:1521:ORCL</value></parameter>
    </ResourceParams>
</Context>
