﻿<?xml version="1.0" encoding="UTF-8"?>
<!DOCTYPE struts-config PUBLIC "-//Apache Software Foundation//DTD Struts Configuration 1.1//EN" 
    "http://jakarta.apache.org/struts/dtds/struts-config_1_1.dtd">

<struts-config>

    <!-- Form Bean Definitions -->
    <form-beans>
        <form-bean name="loginForm" type="itexpert.chap11.LoginForm" /> 
    </form-beans>

    <!-- Global Forward Definitions -->
    <global-forwards>
        <forward name="login" path="/login.jsp" />
        <forward name="main" path="/main.jsp" />
        <forward name="error" path="/error.jsp" />
    </global-forwards>

    <!--  Action Mapping Definitions  -->
    <action-mappings>

        <action path="/login" type="itexpert.chap11.LoginAction" scope="request" input="login.jsp">
            <forward name="admin" path="/admin.jsp" />
        </action>
        <action path="/main" forward="/main.jsp" />
        <action path="/loginFb" type="itexpert.chap11.LoginFbAction" name="loginForm" scope="request"
            input="/loginFb.jsp">
            <forward name="admin" path="/admin.jsp" />
        </action>

    </action-mappings>

    <message-resources parameter="itexpert.chap11.message.ApplicationResources" />

</struts-config>