<?xml version="1.0" encoding="UTF-8"?>
<!DOCTYPE struts-config PUBLIC "-//Apache Software Foundation//DTD Struts Configuration 1.1//EN"     
        "http://jakarta.apache.org/struts/dtds/struts-config_1_1.dtd">
<struts-config>

    <!-- Form Bean Definitions -->
    <form-beans>
        <form-bean name="loginForm" type="org.apache.struts.action.DynaActionForm">
            <form-property name="id" type="java.lang.String" />
            <form-property name="passwd" type="java.lang.String" />
        </form-bean>
        <form-bean name="registerForm" type="org.apache.struts.action.DynaActionForm">
            <form-property name="id" type="java.lang.String" />
            <form-property name="passwd" type="java.lang.String" />
            <form-property name="name" type="java.lang.String" />
            <form-property name="address" type="java.lang.String" />
            <form-property name="phone" type="java.lang.String" />
        </form-bean>
        <form-bean name="searchForm" type="org.apache.struts.action.DynaActionForm">
            <form-property name="cateCode" type="int" initial="0"/>
            <form-property name="title" type="java.lang.String" />
        </form-bean>
        <form-bean name="cartForm" type="org.apache.struts.action.DynaActionForm">
            <form-property name="action" type="java.lang.String" />
            <form-property name="isbn" type="java.lang.String" />
            <form-property name="quantity" type="int" initial="1" />
        </form-bean>
    </form-beans>

    <!-- Global Forward Definitions -->
    <global-forwards>
        <forward name="main" path="/main.jsp" />
        <forward name="register" path="/register.jsp" />
        <forward name="logout" path="/logout.jsp" />
        <forward name="error" path="/error.jsp" />
    </global-forwards>

    <!-- Action Mapping Definitions -->
    <action-mappings>
        <action path="/bookview" forward="/bookview.jsp"/>
        <action path="/login" type="itexpert.chap13.user.LoginAction" 
            name="loginForm" scope="request" input="/main.jsp"/>
        <action path="/register" type="itexpert.chap13.user.RegisterAction" 
            name="registerForm" scope="request" input="/register.jsp">
            <forward name="success"  path="/registered.jsp"/>
        </action>
        <action path="/search" type="org.apache.struts.actions.ForwardAction"
            name="searchForm" scope="request" 
            input="/main.jsp" parameter="/search.jsp"/>
        <action path="/cart" type="itexpert.chap13.buy.CartAction" 
            name="cartForm" scope="request"  parameter="action">
            <forward name="view" path="/order.jsp"/>
        </action>
    </action-mappings>

    <!-- Message Resources Definitions -->
    <message-resources
        parameter="itexpert.chap13.message.ApplicationResources"/>

</struts-config>