<!-- Tomcat chap13 Context -->
<Context path="/chap13" docBase="chap13" debug="0"
    reloadable="true" crossContext="true">
    <Logger className="org.apache.catalina.logger.FileLogger"
        prefix="localhost_chap13_log." suffix=".txt"
        timestamp="true"/>
    <Resource name="jdbc/bookshop" auth="Container"
        type="javax.sql.DataSource"/>
    <ResourceParams name="jdbc/bookshop">
        <parameter>
            <name>factory</name>
            <value>org.apache.commons.dbcp.BasicDataSourceFactory</value>
        </parameter>
        <parameter>
            <name>maxActive</name>
            <value>30</value>
        </parameter>
        <parameter>
            <name>maxIdle</name>
            <value>10</value>
        </parameter>
        <parameter>
            <name>maxWait</name>
            <value>10000</value>
        </parameter>
        <parameter>
            <name>username</name>
            <value>scott</value>
        </parameter>
        <parameter>
            <name>password</name>
            <value>tiger</value>
        </parameter>
        <parameter>
            <name>driverClassName</name>
            <value>oracle.jdbc.driver.OracleDriver</value>
        </parameter>
        <parameter>
            <name>url</name>
            <value>jdbc:oracle:thin:@localhost:1521:ORCL</value>
        </parameter>
    </ResourceParams>
</Context>
